{
  "savedAt": "2026-05-31T01:56:58.363Z",
  "frameCount": 2,
  "adjustments": [
    {
      "frame": "frame_left_0000.png",
      "position": [
        -1.2359730140306011,
        -2.0000000000000004,
        0.3485621285528828
      ],
      "baseCamera": {
        "position": [
          -1.276352177007313,
          -2.0000000000000004,
          -3.4424505478572076
        ],
        "quaternion": [
          0.9538303578384254,
          0.04358798901997441,
          -0.17113305832780187,
          0.24294281637123807
        ],
        "fov": 62
      },
      "deltas": {
        "fov": 0.0,
        "y": 0.0,
        "forward": 0.0,
        "lateral": 0.0
      },
      "effectiveCamera": {
        "position": [
          -1.2359730140306011,
          -2.0000000000000004,
          0.3485621285528828
        ],
        "quaternion": [
          0.9538303578384254,
          0.04358798901997441,
          -0.17113305832780187,
          0.24294281637123807
        ],
        "fov": 62
      },
      "pass": "left"
    },
    {
      "frame": "frame_right_0000.png",
      "position": [
        -1.2359730140306011,
        -2.0000000000000004,
        0.3485621285528828
      ],
      "baseCamera": {
        "position": [
          -1.276352177007313,
          -2.0000000000000004,
          -3.4424505478572076
        ],
        "quaternion": [
          0.9538303578384254,
          0.04358798901997441,
          -0.17113305832780187,
          0.24294281637123807
        ],
        "fov": 62
      },
      "deltas": {
        "fov": 0.0,
        "y": 0.0,
        "forward": 0.0,
        "lateral": 0.0
      },
      "effectiveCamera": {
        "position": [
          -1.2359730140306011,
          -2.0000000000000004,
          0.3485621285528828
        ],
        "quaternion": [
          0.9538303578384254,
          0.04358798901997441,
          -0.17113305832780187,
          0.24294281637123807
        ],
        "fov": 62
      },
      "pass": "right"
    }
  ]
}