{
  "leftCamera": {
    "position": [
      -1.5764139794028564,
      -1.6,
      -3.301247831014351
    ],
    "quaternion": [
      0.9546434609408233,
      0.045218672197042044,
      -0.21623654627982533,
      0.19963188678323945
    ],
    "fov": 32.0
  },
  "rightCamera": {
    "position": [
      -0.6976051553097854,
      -1.2,
      1.6589600712719454
    ],
    "quaternion": [
      -0.1892321024295902,
      -0.2841035423467258,
      0.9381858428679271,
      -0.057303689918856836
    ],
    "fov": 54.0
  },
  "flightLine": {
    "start": [
      -1.55145792470934,
      0.0,
      -3.302579976099793
    ],
    "end": [
      -1.1541806297805366,
      0.0,
      4.139908090024226
    ],
    "y": -1.2
  },
  "crops": {
    "leftOffset": -1.975008415888655,
    "rightOffset": 1.4118297920798408
  },
  "frameWidth": 2.792906911276327
}