{
  "leftCamera": {
    "position": [
      -0.08374511718844269,
      -0.8184227839845222,
      -3.196437178960218
    ],
    "quaternion": [
      0.7212195505944581,
      0.006456781634139932,
      0.6926438254212883,
      -0.006723162724548309
    ],
    "fov": 50.0
  },
  "rightCamera": {
    "position": [
      -0.08374511718844269,
      -0.8184227839845222,
      -3.196437178960218
    ],
    "quaternion": [
      0.6926438254212883,
      -0.006723162724548309,
      -0.7212195505944581,
      -0.006456781634139932
    ],
    "fov": 50.0
  },
  "flightLine": {
    "start": [
      -0.7620980869346446,
      6.398748480845263
    ],
    "end": [
      -1.311275524041953,
      -3.146797437558549
    ],
    "y": -0.8184227839845222
  },
  "crops": {
    "leftOffset": 1.6641737387732916,
    "rightOffset": 1.7001406692511758
  },
  "frameWidth": 1.4513038991018483
}