{
  "leftCamera": {
    "position": [
      -2.5967121994465745,
      -2.0,
      -3.4149740768814607
    ],
    "quaternion": [
      0.9251792331308208,
      0.06910800789528387,
      -0.3117976576713299,
      0.20506021188637213
    ],
    "fov": 40.0
  },
  "rightCamera": {
    "position": [
      0.1151058049222994,
      -2.0,
      -3.526545487229584
    ],
    "quaternion": [
      0.9668157287993261,
      -0.00415970823564061,
      0.01577414483631635,
      0.2549533677524286
    ],
    "fov": 52.0
  },
  "flightLine": {
    "start": [
      -1.3528192772449632,
      0.0,
      -3.4661511423882523
    ],
    "end": [
      -1.0490189928876377,
      0.0,
      3.917918650061378
    ],
    "y": -2.0
  },
  "crops": {
    "leftOffset": -1.7550547425942173,
    "rightOffset": 1.5308330510984873
  },
  "frameWidth": 4.990518241066582
}