{
  "leftCamera": {
    "position": [
      -2.6108222968021693,
      -2.0000000000000657,
      -3.4008182106245615
    ],
    "quaternion": [
      0.8960713763597853,
      0.23765072296912862,
      -0.3461463673587037,
      0.14408648342333819
    ],
    "fov": 44.0
  },
  "rightCamera": {
    "position": [
      0.12704460619389024,
      -3.2000000000004447,
      -3.0733299938405128
    ],
    "quaternion": [
      0.9198567890924481,
      -0.008092755862734386,
      0.019004298633085382,
      0.3917101370867776
    ],
    "fov": 74.0
  },
  "flightLine": {
    "start": [
      -1.4696655404593206,
      0.0,
      -3.4311001781836183
    ],
    "end": [
      -1.2827115193163094,
      0.0,
      3.614143626954242
    ],
    "y": -3.2000000000004447
  },
  "crops": {
    "leftOffset": -1.8584415301412636,
    "rightOffset": 1.4133422557996373
  },
  "frameWidth": 5.5397394074399955
}