{
  "leftCamera": {
    "position": [
      -3.3109478719853165,
      -2.401658486562282,
      -0.008302589291414426
    ],
    "quaternion": [
      0.6734253575670525,
      0.21797523765860696,
      -0.6717387819616858,
      0.2185225214068155
    ],
    "fov": 36.0
  },
  "rightCamera": {
    "position": [
      2.2324191116645205,
      -3.45408967522979,
      -0.235343772330304
    ],
    "quaternion": [
      0.6912027294986578,
      -0.22805490119881539,
      0.6399687519923649,
      0.24631229211336322
    ],
    "fov": 28.0
  },
  "flightLine": {
    "start": [
      -1.4346116614950166,
      0.0,
      -3.3843655592440625
    ],
    "end": [
      -1.072388245530507,
      0.0,
      3.9763369237358166
    ],
    "y": -3.45408967522979
  },
  "crops": {
    "leftOffset": -1.8596299485843393,
    "rightOffset": 1.5340043672218597
  },
  "frameWidth": 6.960371502990141
}